dataset,split,doc_id,question,predicted_prop,predicted_value,status,ok
FUNSD,train,0000971160,Suggestion:,,UNKNOWN,UNKNOWN,True
FUNSD,train,0000971160,R&D Group:,,UNKNOWN,UNKNOWN,True
FUNSD,train,0000971160,Suggested Solutions (s) :,,UNKNOWN,UNKNOWN,True
FUNSD,train,0000989556,Brand:,profile_photo,UNKNOWN,UNKNOWN,True
FUNSD,train,0000989556,Style:,profile_photo,UNKNOWN,UNKNOWN,True
FUNSD,train,0000989556,Place of Manufacture:,country,CYPRUS,FILLED,False
FUNSD,train,0000990274,INITIATED,,UNKNOWN,UNKNOWN,True
FUNSD,train,0000990274,BY:,,UNKNOWN,UNKNOWN,True
FUNSD,train,0000990274,PRODUCT:,profile_photo,UNKNOWN,UNKNOWN,True
FUNSD,train,0000999294,SUBJECT:,research_interests,UNKNOWN,UNKNOWN,True
FUNSD,train,0000999294,SAMPLE:,,UNKNOWN,UNKNOWN,True
FUNSD,train,0000999294,CIGARETTES:,,UNKNOWN,UNKNOWN,True
FUNSD,train,0001118259,Allowable Substitutions,,UNKNOWN,UNKNOWN,True
FUNSD,train,0001118259,Allowable Substitutions,,UNKNOWN,UNKNOWN,True
FUNSD,train,0001118259,Allowable Substitutions,,UNKNOWN,UNKNOWN,True
FUNSD,train,0001123541,Type,visa_status,UNKNOWN,UNKNOWN,True
FUNSD,train,0001123541,SUBMITTED BY:,,UNKNOWN,UNKNOWN,True
FUNSD,train,0001123541,SUBMITTER'S SS#:,ssn,UNKNOWN,UNKNOWN,True
FUNSD,train,0001129658,FAX:,signature,UNKNOWN,UNKNOWN,True
FUNSD,train,0001129658,FROM:,department,UNKNOWN,UNKNOWN,True
FUNSD,train,0001129658,CHARGEBACK:,,UNKNOWN,UNKNOWN,True
FUNSD,train,0001209043,Brand,,UNKNOWN,UNKNOWN,True
FUNSD,train,0001209043,Title,job_title,UNKNOWN,UNKNOWN,True
FUNSD,train,0001209043,Size,,UNKNOWN,UNKNOWN,True
FUNSD,train,0001239897,SUBJECT:,research_interests,UNKNOWN,UNKNOWN,True
FUNSD,train,0001239897,SAMPLE:,,UNKNOWN,UNKNOWN,True
FUNSD,train,0001239897,PROJECT,,UNKNOWN,UNKNOWN,True
FUNSD,train,0001438955,Title,job_title,UNKNOWN,UNKNOWN,True
FUNSD,train,0001438955,OVERALL:,,UNKNOWN,UNKNOWN,True
FUNSD,train,0001438955,OVERALL:,,UNKNOWN,UNKNOWN,True
FUNSD,train,0001456787,Supplier(s),,UNKNOWN,UNKNOWN,True
FUNSD,train,0001456787,Porosity,,UNKNOWN,UNKNOWN,True
FUNSD,train,0001456787,Substance,,UNKNOWN,UNKNOWN,True
FUNSD,train,0001463282,Yes,,UNKNOWN,UNKNOWN,True
FUNSD,train,0001463282,Supplier,,UNKNOWN,UNKNOWN,True
FUNSD,train,0001463282,Supplier,,UNKNOWN,UNKNOWN,True
FUNSD,train,0001463448,This form was placed before Bates ID,id_scan,UNKNOWN,UNKNOWN,True
FUNSD,train,0001463448,NG DOCUMENTS WERE FOUND WITHIN THE ORIGINAL:,,UNKNOWN,UNKNOWN,True
FUNSD,train,0001463448,NG DOCUMENTS WERE FOUND WITHIN THE ORIGINAL:,,UNKNOWN,UNKNOWN,True
FUNSD,train,0001476912,COMMENTS,,UNKNOWN,UNKNOWN,True
FUNSD,train,0001476912,Brand:,profile_photo,UNKNOWN,UNKNOWN,True
FUNSD,train,0001476912,Commercial:,,UNKNOWN,UNKNOWN,True
FUNSD,train,0001477983,Retainer,,UNKNOWN,UNKNOWN,True
FUNSD,train,0001477983,lobbyist for lobbying? (yes or no),,UNKNOWN,UNKNOWN,True
FUNSD,train,0001477983,Compensation received lobbying:,,UNKNOWN,UNKNOWN,True
FUNSD,train,0001485288,SPECIAL SAMPLE MANUFACTURE,,UNKNOWN,UNKNOWN,True
FUNSD,train,0001485288,R & D,department,UNKNOWN,UNKNOWN,True
FUNSD,train,0001485288,Signed,signature,UNKNOWN,UNKNOWN,True
FUNSD,train,00040534,COMPOUND,,UNKNOWN,UNKNOWN,True
FUNSD,train,00040534,SOURCE,,UNKNOWN,UNKNOWN,True
FUNSD,train,00040534,INVESTIGATOR(S),advisor,UNKNOWN,UNKNOWN,True
FUNSD,train,00070353,AUTHORS,advisor,UNKNOWN,UNKNOWN,True
FUNSD,train,00070353,TITLE,job_title,UNKNOWN,UNKNOWN,True
FUNSD,train,00070353,RECOMMENDATION:,,UNKNOWN,UNKNOWN,True
FUNSD,train,00093726,on,phone,UNKNOWN,UNKNOWN,True
FUNSD,train,00093726,BLEND,,UNKNOWN,UNKNOWN,True
FUNSD,train,00093726,CASING,,UNKNOWN,UNKNOWN,True
FUNSD,train,0011505151,SUPPLIER:,,UNKNOWN,UNKNOWN,True
FUNSD,train,0011505151,PAID 1987,,UNKNOWN,UNKNOWN,True
FUNSD,train,0011505151,DEC 1987 ACCRUAL,graduation_date,11- 16- 87,FILLED,False
FUNSD,train,0011838621,Supplier:,,UNKNOWN,UNKNOWN,True
FUNSD,train,0011838621,No.,,UNKNOWN,UNKNOWN,True
FUNSD,train,0011838621,Reasons:,,UNKNOWN,UNKNOWN,True
FUNSD,train,0011845203,TO:,city,UNKNOWN,UNKNOWN,True
FUNSD,train,0011845203,FAX,,UNKNOWN,UNKNOWN,True
FUNSD,train,0011845203,NUMBER:,phone,UNKNOWN,UNKNOWN,True
FUNSD,train,0011856542,PROJECT CODE,,UNKNOWN,UNKNOWN,True
FUNSD,train,0011856542,WORK REQUESTED BY,work_email,UNKNOWN,UNKNOWN,True
FUNSD,train,0011856542,cc:,,UNKNOWN,UNKNOWN,True
FUNSD,train,0011859695,Agency:,department,UNKNOWN,UNKNOWN,True
FUNSD,train,0011859695,Contact:,email,UNKNOWN,UNKNOWN,True
FUNSD,train,0011859695,Client:,,UNKNOWN,UNKNOWN,True
FUNSD,train,0011899960,Attention,,UNKNOWN,UNKNOWN,True
FUNSD,train,0011899960,Attention,,UNKNOWN,UNKNOWN,True
FUNSD,train,0011899960,Copies,signature,UNKNOWN,UNKNOWN,True
FUNSD,train,0011906503,Title,job_title,UNKNOWN,UNKNOWN,True
FUNSD,train,0011906503,Proposed,,UNKNOWN,UNKNOWN,True
FUNSD,train,0011906503,CAPITAL,city,UNKNOWN,UNKNOWN,True
FUNSD,train,0011973451,OBJECTIVE:,profile_photo,UNKNOWN,UNKNOWN,True
FUNSD,train,0011973451,Cartons:,,UNKNOWN,UNKNOWN,True
FUNSD,train,0011973451,Cases:,,UNKNOWN,UNKNOWN,True
FUNSD,train,0011974919,To,city,UNKNOWN,UNKNOWN,True
FUNSD,train,0011974919,From:,department,UNKNOWN,UNKNOWN,True
FUNSD,train,0011974919,Brand:,profile_photo,UNKNOWN,UNKNOWN,True
FUNSD,train,0011976929,Dates:,graduation_date,UNKNOWN,UNKNOWN,True
FUNSD,train,0011976929,Estimated Attendance,graduation_date,UNKNOWN,UNKNOWN,True
FUNSD,train,0011976929,Type of Event:,,UNKNOWN,UNKNOWN,True
FUNSD,train,0012178355,BRAND,,UNKNOWN,UNKNOWN,True
FUNSD,train,0012178355,Domestic,country,UNKNOWN,UNKNOWN,True
FUNSD,train,0012178355,New Product,,UNKNOWN,UNKNOWN,True
FUNSD,train,0012199830,RECEIVED,,UNKNOWN,UNKNOWN,True
FUNSD,train,0012199830,Technician,skills,UNKNOWN,UNKNOWN,True
FUNSD,train,0012199830,Formula No.,,UNKNOWN,UNKNOWN,True
FUNSD,train,0012529284,No.,,UNKNOWN,UNKNOWN,True
FUNSD,train,0012529284,Supplier:,,UNKNOWN,UNKNOWN,True
FUNSD,train,0012529284,Reasons:,,UNKNOWN,UNKNOWN,True
FUNSD,train,0012529295,Supplier,,UNKNOWN,UNKNOWN,True
FUNSD,train,0012529295,Supplier,,UNKNOWN,UNKNOWN,True
FUNSD,train,0012529295,Yes,,UNKNOWN,UNKNOWN,True
FUNSD,train,0012602424,SUPPLIER:,,UNKNOWN,UNKNOWN,True
FUNSD,train,0012602424,REASONS:,,UNKNOWN,UNKNOWN,True
FUNSD,train,0012602424,ORIGINAL,,UNKNOWN,UNKNOWN,True
FUNSD,train,0012947358,TO:,city,UNKNOWN,UNKNOWN,True
FUNSD,train,0012947358,FROM:,department,UNKNOWN,UNKNOWN,True
FUNSD,train,0012947358,Per,skills,UNKNOWN,UNKNOWN,True
FUNSD,train,0013255595,APPROVALS:,,UNKNOWN,UNKNOWN,True
FUNSD,train,0013255595,APPROVALS:,,UNKNOWN,UNKNOWN,True
FUNSD,train,0013255595,APPROVALS:,,UNKNOWN,UNKNOWN,True
FUNSD,train,00283813,on,phone,UNKNOWN,UNKNOWN,True
FUNSD,train,00283813,Sample No.,,UNKNOWN,UNKNOWN,True
FUNSD,train,00283813,Brand,,UNKNOWN,UNKNOWN,True
FUNSD,train,0030031163,GOLF TOURNAMENT,full_name,UNKNOWN,UNKNOWN,True
FUNSD,train,0030031163,TENNIS TOURNAMENT,full_name,UNKNOWN,UNKNOWN,True
FUNSD,train,0030041455,Please place the following order for KOOL and/ or GPC Golf Bags for my Section:,,UNKNOWN,UNKNOWN,True
FUNSD,train,0030041455,Please place the following order for KOOL and/ or GPC Golf Bags for my Section:,,UNKNOWN,UNKNOWN,True
FUNSD,train,0030041455,Section Number,phone,UNKNOWN,UNKNOWN,True
FUNSD,train,0060000813,Brand:,profile_photo,UNKNOWN,UNKNOWN,True
FUNSD,train,0060000813,Brand:,profile_photo,UNKNOWN,UNKNOWN,True
FUNSD,train,0060000813,Modules:,,UNKNOWN,UNKNOWN,True
FUNSD,train,0060007216,PROJECT CODE,,UNKNOWN,UNKNOWN,True
FUNSD,train,0060007216,Cigarette,,UNKNOWN,UNKNOWN,True
FUNSD,train,0060007216,Cigarette,,UNKNOWN,UNKNOWN,True
FUNSD,train,0060024314,Facility:,city,UNKNOWN,UNKNOWN,True
FUNSD,train,0060024314,Permit#:,full_name,Fuller G2315 DC,FILLED,False
FUNSD,train,0060024314,CAS#,phone,UNKNOWN,UNKNOWN,True
FUNSD,train,0060029036,Brand(s),,UNKNOWN,UNKNOWN,True
FUNSD,train,0060029036,Originator,first_name,UNKNOWN,UNKNOWN,True
FUNSD,train,0060029036,Manager,advisor,UNKNOWN,UNKNOWN,True
FUNSD,train,0060036622,TO:,city,UNKNOWN,UNKNOWN,True
FUNSD,train,0060036622,TO:,city,UNKNOWN,UNKNOWN,True
FUNSD,train,0060036622,TO:,city,UNKNOWN,UNKNOWN,True
FUNSD,train,0060068489,MEDIUM,,UNKNOWN,UNKNOWN,True
FUNSD,train,0060068489,AGENCY,department,UNKNOWN,UNKNOWN,True
FUNSD,train,0060068489,BRAND,,UNKNOWN,UNKNOWN,True
FUNSD,train,0060077689,LOCATION,city,UNKNOWN,UNKNOWN,True
FUNSD,train,0060077689,REQUISITIONER,,UNKNOWN,UNKNOWN,True
FUNSD,train,0060077689,SUPPLIER,,UNKNOWN,UNKNOWN,True
FUNSD,train,0060080406,BRAND,,UNKNOWN,UNKNOWN,True
FUNSD,train,0060080406,BRAND,,UNKNOWN,UNKNOWN,True
FUNSD,train,0060080406,JAN,,UNKNOWN,UNKNOWN,True
FUNSD,train,0060091229,Attention:,profile_photo,UNKNOWN,UNKNOWN,True
FUNSD,train,0060091229,RETURN TO:,,UNKNOWN,UNKNOWN,True
FUNSD,train,0060094595,Weight,,UNKNOWN,UNKNOWN,True
FUNSD,train,0060094595,Weight,,UNKNOWN,UNKNOWN,True
FUNSD,train,0060094595,Weight,,UNKNOWN,UNKNOWN,True
FUNSD,train,0060136394,SIGNED,signature,UNKNOWN,UNKNOWN,True
FUNSD,train,0060136394,CLIENT,,UNKNOWN,UNKNOWN,True
FUNSD,train,0060136394,STATIONS,,UNKNOWN,UNKNOWN,True
FUNSD,train,0060165115,FROM:,department,UNKNOWN,UNKNOWN,True
FUNSD,train,0060165115,TO:,city,UNKNOWN,UNKNOWN,True
FUNSD,train,0060165115,Re.:,,UNKNOWN,UNKNOWN,True
FUNSD,train,0060173256,BRANDS,,UNKNOWN,UNKNOWN,True
FUNSD,train,0060173256,BRANDS,,UNKNOWN,UNKNOWN,True
FUNSD,train,0060173256,Adjustment,,UNKNOWN,UNKNOWN,True
FUNSD,train,0060207528,CONTRACT:,signature,UNKNOWN,UNKNOWN,True
FUNSD,train,0060207528,CLIENT:,,UNKNOWN,UNKNOWN,True
FUNSD,train,0060207528,MARKET:,,UNKNOWN,UNKNOWN,True
FUNSD,train,0060214859,Report,,UNKNOWN,UNKNOWN,True
FUNSD,train,0060214859,REJECTED,,UNKNOWN,UNKNOWN,True
FUNSD,train,0060214859,Supplier,,UNKNOWN,UNKNOWN,True
FUNSD,train,0060255888,Contact:,email,UNKNOWN,UNKNOWN,True
FUNSD,train,0060255888,Agency:,department,UNKNOWN,UNKNOWN,True
FUNSD,train,0060255888,Client:,,UNKNOWN,UNKNOWN,True
FUNSD,train,0060262650,AME,full_name,UNKNOWN,UNKNOWN,True
FUNSD,train,0060262650,DDRESS,address,UNKNOWN,UNKNOWN,True
FUNSD,train,0060262650,resider,city,UNKNOWN,UNKNOWN,True
FUNSD,train,0060270727,YEAR COVERED:,years_experience,UNKNOWN,UNKNOWN,True
FUNSD,train,0060270727,NONMENTHOL:,,UNKNOWN,UNKNOWN,True
FUNSD,train,0060270727,"""TAR"":",,UNKNOWN,UNKNOWN,True
FUNSD,train,0060302201,COMMENTS:,,UNKNOWN,UNKNOWN,True
FUNSD,train,0060302201,DIVISION,,UNKNOWN,UNKNOWN,True
FUNSD,train,0060302201,COMMENTS,,UNKNOWN,UNKNOWN,True
FUNSD,train,0060308251,NOTE:,,UNKNOWN,UNKNOWN,True
FUNSD,train,0060308251,Tar (Mg /Cigt),,UNKNOWN,UNKNOWN,True
FUNSD,train,0060308251,Tar (Mg /Cigt),,UNKNOWN,UNKNOWN,True
FUNSD,train,0060308461,NICOTINE:,,UNKNOWN,UNKNOWN,True
FUNSD,train,0060308461,NONMENTHOL:,,UNKNOWN,UNKNOWN,True
FUNSD,train,0060308461,NONFILTER:,,UNKNOWN,UNKNOWN,True
FUNSD,train,0071032790,PROJECT,,UNKNOWN,UNKNOWN,True
FUNSD,train,0071032790,PROJECT CODE:,,UNKNOWN,UNKNOWN,True
FUNSD,train,0071032790,To:,city,UNKNOWN,UNKNOWN,True
FUNSD,train,0071032807,Work Requested by,work_email,UNKNOWN,UNKNOWN,True
FUNSD,train,0071032807,Project Leader,advisor,UNKNOWN,UNKNOWN,True
FUNSD,train,0071032807,Project Code,,UNKNOWN,UNKNOWN,True
FUNSD,train,00836244,COMPOUND,,UNKNOWN,UNKNOWN,True
FUNSD,train,00836244,SOURCE:,,UNKNOWN,UNKNOWN,True
FUNSD,train,00836244,INVESTIGATOR(S),advisor,UNKNOWN,UNKNOWN,True
FUNSD,train,00836816,LRC FILE NUMBER,,UNKNOWN,UNKNOWN,True
FUNSD,train,00836816,pH,phone,UNKNOWN,UNKNOWN,True
FUNSD,train,00836816,ORAL,,UNKNOWN,UNKNOWN,True
FUNSD,train,00837285,CLASS,,UNKNOWN,UNKNOWN,True
FUNSD,train,00837285,CLASS,,UNKNOWN,UNKNOWN,True
FUNSD,train,00837285,CLASS,,UNKNOWN,UNKNOWN,True
FUNSD,train,00838511_00838525,STRUCTURE,,UNKNOWN,UNKNOWN,True
FUNSD,train,00838511_00838525,ESTIMATED TOXICITY CLASS,city,UNKNOWN,UNKNOWN,True
FUNSD,train,00838511_00838525,COMMENTS,,UNKNOWN,UNKNOWN,True
FUNSD,train,00851772_1780,COMPOUND,,UNKNOWN,UNKNOWN,True
FUNSD,train,00851772_1780,LORILLARD COMPOUND CODE,,UNKNOWN,UNKNOWN,True
FUNSD,train,00851772_1780,REGISTRY NUMBER (IF applicable),,UNKNOWN,UNKNOWN,True
FUNSD,train,00851879,Subject,research_interests,UNKNOWN,UNKNOWN,True
FUNSD,train,00851879,Method,,UNKNOWN,UNKNOWN,True
FUNSD,train,00851879,Method,,UNKNOWN,UNKNOWN,True
FUNSD,train,00860012_00860014,PROJECT SHEET NO,,UNKNOWN,UNKNOWN,True
FUNSD,train,00860012_00860014,SOLID,,UNKNOWN,UNKNOWN,True
FUNSD,train,00860012_00860014,COLOR,,UNKNOWN,UNKNOWN,True
FUNSD,train,00865872,LRC FILE NUMBER,,UNKNOWN,UNKNOWN,True
FUNSD,train,00865872,pH,phone,UNKNOWN,UNKNOWN,True
FUNSD,train,00865872,SOLUBILITY,,UNKNOWN,UNKNOWN,True
FUNSD,train,00866042,LIQUID,,UNKNOWN,UNKNOWN,True
FUNSD,train,00866042,PROJECT SHEET NO.,,UNKNOWN,UNKNOWN,True
FUNSD,train,00866042,PROJECT NO.,,UNKNOWN,UNKNOWN,True
FUNSD,train,00920222,VENDOR,,UNKNOWN,UNKNOWN,True
FUNSD,train,00920222,VIA,,UNKNOWN,UNKNOWN,True
FUNSD,train,00920222,Attn:,,UNKNOWN,UNKNOWN,True
FUNSD,train,00920294,Alert Number,phone,HD home delivery,FILLED,False
FUNSD,train,00920294,To:,city,UNKNOWN,UNKNOWN,True
FUNSD,train,00920294,From:,department,UNKNOWN,UNKNOWN,True
FUNSD,train,00922237,ACCT NO.,,UNKNOWN,UNKNOWN,True
FUNSD,train,00922237,DEPT NO.,department,UNKNOWN,UNKNOWN,True
FUNSD,train,00922237,ISSUED BY,id_scan,UNKNOWN,UNKNOWN,True
FUNSD,train,01073843,COMPOUND,,UNKNOWN,UNKNOWN,True
FUNSD,train,01073843,SOURCE,,UNKNOWN,UNKNOWN,True
FUNSD,train,01073843,INVESTIGATOR(S),advisor,UNKNOWN,UNKNOWN,True
FUNSD,train,01122115,RE,state,UNKNOWN,UNKNOWN,True
FUNSD,train,01122115,Remarks,,UNKNOWN,UNKNOWN,True
FUNSD,train,01122115,Remarks,,UNKNOWN,UNKNOWN,True
FUNSD,train,01150773_01150774,To:,city,UNKNOWN,UNKNOWN,True
FUNSD,train,01150773_01150774,From:,department,UNKNOWN,UNKNOWN,True
FUNSD,train,01150773_01150774,Room:,city,UNKNOWN,UNKNOWN,True
FUNSD,train,01191071_1072,PAGE,,UNKNOWN,UNKNOWN,True
FUNSD,train,01191071_1072,Attention:,profile_photo,UNKNOWN,UNKNOWN,True
FUNSD,train,01191071_1072,Subject:,research_interests,UNKNOWN,UNKNOWN,True
FUNSD,train,01197604,SMOKER:,,UNKNOWN,UNKNOWN,True
FUNSD,train,01197604,REMARKS:,,UNKNOWN,UNKNOWN,True
FUNSD,train,01197604,Tar Number:,,UNKNOWN,UNKNOWN,True
FUNSD,train,01408099_01408101,PROJECT #,,UNKNOWN,UNKNOWN,True
FUNSD,train,01408099_01408101,PROJECT LEADER,advisor,UNKNOWN,UNKNOWN,True
FUNSD,train,11508234,No.,,UNKNOWN,UNKNOWN,True
FUNSD,train,11508234,Yes,,UNKNOWN,UNKNOWN,True
FUNSD,train,11508234,No,conditions,UNKNOWN,UNKNOWN,True
FUNSD,train,11875011,TO:,city,UNKNOWN,UNKNOWN,True
FUNSD,train,11875011,PROJECT NUMBER:,phone,UNKNOWN,UNKNOWN,True
FUNSD,train,11875011,B&W ORIGINATOR:,,UNKNOWN,UNKNOWN,True
FUNSD,train,12052385,KOOL,,UNKNOWN,UNKNOWN,True
FUNSD,train,12052385,SUPPLIER:,,UNKNOWN,UNKNOWN,True
FUNSD,train,12052385,PAID OUT OF 1987 BUDGET,,UNKNOWN,UNKNOWN,True
FUNSD,train,12603270,Supplier:,,UNKNOWN,UNKNOWN,True
FUNSD,train,12603270,Amt. of Change:,,UNKNOWN,UNKNOWN,True
FUNSD,train,12603270,Projected: Field Start,,UNKNOWN,UNKNOWN,True
FUNSD,train,12825369,MARKET,,UNKNOWN,UNKNOWN,True
FUNSD,train,12825369,POPULATION,country,UNKNOWN,UNKNOWN,True
FUNSD,train,12825369,OPERATOR,,UNKNOWN,UNKNOWN,True
FUNSD,train,13149651,ORIGINAL,,UNKNOWN,UNKNOWN,True
FUNSD,train,13149651,Subject,research_interests,UNKNOWN,UNKNOWN,True
FUNSD,train,13149651,Increase Costs - May Be Possible to Absorb,,UNKNOWN,UNKNOWN,True
FUNSD,train,660978,PLACE:,employer,UNKNOWN,UNKNOWN,True
FUNSD,train,660978,NO.,,UNKNOWN,UNKNOWN,True
FUNSD,train,660978,CLIENT:,,UNKNOWN,UNKNOWN,True
FUNSD,train,71108371,3. Special Processing,,UNKNOWN,UNKNOWN,True
FUNSD,train,71108371,1. Productivity Improvement,,UNKNOWN,UNKNOWN,True
FUNSD,train,71108371,High,,UNKNOWN,UNKNOWN,True
FUNSD,train,71190280,T&N,last_name,UNKNOWN,UNKNOWN,True
FUNSD,train,71190280,WARNING,,UNKNOWN,UNKNOWN,True
FUNSD,train,71190280,TRIM SIZE,,UNKNOWN,UNKNOWN,True
FUNSD,train,71202511,Yes,,UNKNOWN,UNKNOWN,True
FUNSD,train,71202511,Est. Travel,graduation_date,UNKNOWN,UNKNOWN,True
FUNSD,train,71202511,No.,,UNKNOWN,UNKNOWN,True
FUNSD,train,71206427,BRAND:,profile_photo,UNKNOWN,UNKNOWN,True
FUNSD,train,71206427,PROJECT:,,UNKNOWN,UNKNOWN,True
FUNSD,train,71206427,PROJECT:,,UNKNOWN,UNKNOWN,True
FUNSD,train,71341634,Distributor No,,UNKNOWN,UNKNOWN,True
FUNSD,train,71341634,Attention:,profile_photo,UNKNOWN,UNKNOWN,True
FUNSD,train,71341634,Is this a corporation,,UNKNOWN,UNKNOWN,True
FUNSD,train,71366499,BRAND,,UNKNOWN,UNKNOWN,True
FUNSD,train,71366499,WARNING,,UNKNOWN,UNKNOWN,True
FUNSD,train,71366499,JOB NO.,,UNKNOWN,UNKNOWN,True
FUNSD,train,71563825,Market(s):,,UNKNOWN,UNKNOWN,True
FUNSD,train,71563825,Male:,,UNKNOWN,UNKNOWN,True
FUNSD,train,71563825,Female:,,UNKNOWN,UNKNOWN,True
FUNSD,train,71601299,Number,phone,UNKNOWN,UNKNOWN,True
FUNSD,train,71601299,Client Group,,UNKNOWN,UNKNOWN,True
FUNSD,train,71601299,Client Contact,email,UNKNOWN,UNKNOWN,True
FUNSD,train,716552,NO,conditions,UNKNOWN,UNKNOWN,True
FUNSD,train,716552,UPC NO,,UNKNOWN,UNKNOWN,True
FUNSD,train,716552,DOMESTIC,country,UNKNOWN,UNKNOWN,True
FUNSD,train,80310840a,Job#:,job_title,UNKNOWN,UNKNOWN,True
FUNSD,train,80310840a,Revision,,UNKNOWN,UNKNOWN,True
FUNSD,train,80310840a,Reason:,,UNKNOWN,UNKNOWN,True
FUNSD,train,80707440_7443,CLIENT:,,UNKNOWN,UNKNOWN,True
FUNSD,train,80707440_7443,PRODUCT:,profile_photo,UNKNOWN,UNKNOWN,True
FUNSD,train,80707440_7443,PUBLICATION,,UNKNOWN,UNKNOWN,True
FUNSD,train,80718412_8413,MARKET:,,UNKNOWN,UNKNOWN,True
FUNSD,train,80718412_8413,PRODUCT:,profile_photo,UNKNOWN,UNKNOWN,True
FUNSD,train,80718412_8413,QUANTITIES:,,UNKNOWN,UNKNOWN,True
FUNSD,train,80728670,TO:,city,UNKNOWN,UNKNOWN,True
FUNSD,train,80728670,FROM:,department,UNKNOWN,UNKNOWN,True
FUNSD,train,80728670,Division (s) to be contacted,email,UNKNOWN,UNKNOWN,True
FUNSD,train,81310636,Genetic Assay No.,,UNKNOWN,UNKNOWN,True
FUNSD,train,81310636,COMPOUND CODE,,UNKNOWN,UNKNOWN,True
FUNSD,train,81310636,Chem Abstr#,,UNKNOWN,UNKNOWN,True
FUNSD,train,81574683,BLEND,,UNKNOWN,UNKNOWN,True
FUNSD,train,81574683,CASING,,UNKNOWN,UNKNOWN,True
FUNSD,train,81574683,RECASING,,UNKNOWN,UNKNOWN,True
FUNSD,train,81619486_9488,TO:,city,UNKNOWN,UNKNOWN,True
FUNSD,train,81619486_9488,FROM:,department,UNKNOWN,UNKNOWN,True
FUNSD,train,81619486_9488,AUG 10,,UNKNOWN,UNKNOWN,True
FUNSD,train,81619511_9513,TO:,city,UNKNOWN,UNKNOWN,True
FUNSD,train,81619511_9513,FROM:,department,UNKNOWN,UNKNOWN,True
FUNSD,train,81619511_9513,SEP 22,graduation_date,UNKNOWN,UNKNOWN,True
FUNSD,train,81749056_9057,TO:,city,UNKNOWN,UNKNOWN,True
FUNSD,train,81749056_9057,FROM:,department,UNKNOWN,UNKNOWN,True
FUNSD,train,81749056_9057,SUBJECT:,research_interests,UNKNOWN,UNKNOWN,True
FUNSD,train,82254638,TO:,city,UNKNOWN,UNKNOWN,True
FUNSD,train,82254638,FROM:,department,UNKNOWN,UNKNOWN,True
FUNSD,train,82254638,NEWPORTKS K.S.,,UNKNOWN,UNKNOWN,True
FUNSD,train,87533049,FROM:,department,UNKNOWN,UNKNOWN,True
FUNSD,train,87533049,TO:,city,UNKNOWN,UNKNOWN,True
FUNSD,train,87533049,cc:,,UNKNOWN,UNKNOWN,True
FUNSD,train,87672097,COMPOUND,,UNKNOWN,UNKNOWN,True
FUNSD,train,87672097,SOURCE,,UNKNOWN,UNKNOWN,True
FUNSD,train,87672097,TESTED:,,UNKNOWN,UNKNOWN,True
FUNSD,train,87682908,Advance Registration Fee: (prior to August 10),,UNKNOWN,UNKNOWN,True
FUNSD,train,87682908,Late Registration Fee: (after August,,UNKNOWN,UNKNOWN,True
FUNSD,train,87682908,Mail to:,address,UNKNOWN,UNKNOWN,True
FUNSD,train,88057519,BRAND,,UNKNOWN,UNKNOWN,True
FUNSD,train,88057519,BRAND,,UNKNOWN,UNKNOWN,True
FUNSD,train,88547278_88547279,Sizes:,,UNKNOWN,UNKNOWN,True
FUNSD,train,88547278_88547279,Binding,,UNKNOWN,UNKNOWN,True
FUNSD,train,88547278_88547279,FAX:,signature,UNKNOWN,UNKNOWN,True
FUNSD,train,89368010,APPROVALS,,UNKNOWN,UNKNOWN,True
FUNSD,train,89368010,APPROVALS,,UNKNOWN,UNKNOWN,True
FUNSD,train,89368010,ACCEPT/ REJECT (as per 58.185 (c)),,UNKNOWN,UNKNOWN,True
FUNSD,train,89386032,Test Article,,UNKNOWN,UNKNOWN,True
FUNSD,train,89386032,Client Study No.,degree,UNKNOWN,UNKNOWN,True
FUNSD,train,89386032,Species,,UNKNOWN,UNKNOWN,True
FUNSD,train,89817999_8002,TO,city,UNKNOWN,UNKNOWN,True
FUNSD,train,89817999_8002,FROM:,department,UNKNOWN,UNKNOWN,True
FUNSD,train,89817999_8002,SUBJECT:,research_interests,UNKNOWN,UNKNOWN,True
FUNSD,train,89867723,PRODUCT,,UNKNOWN,UNKNOWN,True
FUNSD,train,89867723,JOB#,job_title,UNKNOWN,UNKNOWN,True
FUNSD,train,89867723,yes,,UNKNOWN,UNKNOWN,True
FUNSD,train,91104867,ACTUAL 8 MONTHS,years_experience,UNKNOWN,UNKNOWN,True
FUNSD,train,91104867,ACTUAL 8 MONTHS,years_experience,UNKNOWN,UNKNOWN,True
FUNSD,train,91104867,ACTUAL 8 MONTHS,years_experience,UNKNOWN,UNKNOWN,True
FUNSD,train,91161344_91161347,TO:,city,UNKNOWN,UNKNOWN,True
FUNSD,train,91161344_91161347,TO:,city,UNKNOWN,UNKNOWN,True
FUNSD,train,91161344_91161347,TO:,city,UNKNOWN,UNKNOWN,True
FUNSD,train,91315069_91315070,TO:,city,UNKNOWN,UNKNOWN,True
FUNSD,train,91315069_91315070,SUBJECT:,research_interests,UNKNOWN,UNKNOWN,True
FUNSD,train,91315069_91315070,DISTRIBUTION:,,UNKNOWN,UNKNOWN,True
FUNSD,train,91355841,MANUFACTURER:,,UNKNOWN,UNKNOWN,True
FUNSD,train,91355841,CC:,,UNKNOWN,UNKNOWN,True
FUNSD,train,91355841,CC:,,UNKNOWN,UNKNOWN,True
FUNSD,train,91356315,MANUFACTURER:,,UNKNOWN,UNKNOWN,True
FUNSD,train,91356315,CC:,,UNKNOWN,UNKNOWN,True
FUNSD,train,91356315,CC:,,UNKNOWN,UNKNOWN,True
FUNSD,train,91361993,MANUFACTURER:,,UNKNOWN,UNKNOWN,True
FUNSD,train,91361993,REPORTED BY,,UNKNOWN,UNKNOWN,True
FUNSD,train,91361993,OTHER INFORMATION:,,UNKNOWN,UNKNOWN,True
FUNSD,train,91372360,TIME,,UNKNOWN,UNKNOWN,True
FUNSD,train,91372360,OFFICE:,work_email,UNKNOWN,UNKNOWN,True
FUNSD,train,91372360,OFFICE:,work_email,UNKNOWN,UNKNOWN,True
FUNSD,train,91391286,FROM:,department,UNKNOWN,UNKNOWN,True
FUNSD,train,91391286,TO:,city,UNKNOWN,UNKNOWN,True
FUNSD,train,91391286,CC:,,UNKNOWN,UNKNOWN,True
FUNSD,train,91391310,FROM:,department,UNKNOWN,UNKNOWN,True
FUNSD,train,91391310,TO:,city,UNKNOWN,UNKNOWN,True
FUNSD,train,91391310,CC:,,UNKNOWN,UNKNOWN,True
FUNSD,train,91581919,Account,first_name,UNKNOWN,UNKNOWN,True
FUNSD,train,91581919,Agency,department,UNKNOWN,UNKNOWN,True
FUNSD,train,91581919,Column Inches,,UNKNOWN,UNKNOWN,True
FUNSD,train,91856041_6049,# OF BOOTH(S),,UNKNOWN,UNKNOWN,True
FUNSD,train,91856041_6049,PREMIUMS ONLY,,UNKNOWN,UNKNOWN,True
FUNSD,train,91856041_6049,EVENT LOCATION:,address,UNKNOWN,UNKNOWN,True
FUNSD,train,91903177,TO:,city,UNKNOWN,UNKNOWN,True
FUNSD,train,91903177,SAMPLES/ ITEMS REQUIRED:,,UNKNOWN,UNKNOWN,True
FUNSD,train,91914407,COMMENTS:,,UNKNOWN,UNKNOWN,True
FUNSD,train,91914407,CC:,,UNKNOWN,UNKNOWN,True
FUNSD,train,91939637,DISPLAY BRANDS:,,UNKNOWN,UNKNOWN,True
FUNSD,train,91939637,PROMOTIONAL PERIOD:,,UNKNOWN,UNKNOWN,True
FUNSD,train,91939637,CONSUMER OFFER:,,UNKNOWN,UNKNOWN,True
FUNSD,train,91974562,FROM:,department,UNKNOWN,UNKNOWN,True
FUNSD,train,91974562,TO:,city,UNKNOWN,UNKNOWN,True
FUNSD,train,91974562,CC:,,UNKNOWN,UNKNOWN,True
FUNSD,train,92039708_9710,TO:,city,UNKNOWN,UNKNOWN,True
FUNSD,train,92039708_9710,SUBJECT:,research_interests,UNKNOWN,UNKNOWN,True
FUNSD,train,92039708_9710,EFFECTIVENESS OF:,research_statement,UNKNOWN,UNKNOWN,True
FUNSD,train,92081358_1359,DIVISION:,,UNKNOWN,UNKNOWN,True
FUNSD,train,92081358_1359,% BLACK =,,UNKNOWN,UNKNOWN,True
FUNSD,train,92081358_1359,% OTHER,,UNKNOWN,UNKNOWN,True
FUNSD,train,92091873,Location,city,UNKNOWN,UNKNOWN,True
FUNSD,train,92091873,Division,,UNKNOWN,UNKNOWN,True
FUNSD,train,92091873,Mugs,,UNKNOWN,UNKNOWN,True
FUNSD,train,92094746,PROMO #,phone,UNKNOWN,UNKNOWN,True
FUNSD,train,92094746,OTHER*,,UNKNOWN,UNKNOWN,True
FUNSD,train,92094746,FAIR,,UNKNOWN,UNKNOWN,True
FUNSD,train,92094751,*EXPLAIN:,,UNKNOWN,UNKNOWN,True
FUNSD,train,92094751,OTHER*,,UNKNOWN,UNKNOWN,True
FUNSD,train,92094751,POOR,,UNKNOWN,UNKNOWN,True
FUNSD,train,92298125,TO:,city,UNKNOWN,UNKNOWN,True
FUNSD,train,92298125,FROM:,department,UNKNOWN,UNKNOWN,True
FUNSD,train,92298125,RE:,state,UNKNOWN,UNKNOWN,True
FUNSD,train,92314414,530:,,UNKNOWN,UNKNOWN,True
FUNSD,train,92314414,PAYROLL:,employer,UNKNOWN,UNKNOWN,True
FUNSD,train,92314414,OTHER,,UNKNOWN,UNKNOWN,True
FUNSD,train,92327794,TO:,city,UNKNOWN,UNKNOWN,True
FUNSD,train,92327794,FROM:,department,UNKNOWN,UNKNOWN,True
FUNSD,train,92327794,NUMBER OF PAGES (INCLUDING COVER SHEET):,,UNKNOWN,UNKNOWN,True
FUNSD,train,92433599_92433601,Defendant,full_name,"BRAYTON, GISVOLD. & HARLEY",FILLED,False
FUNSD,train,92433599_92433601,Plaintiff,full_name,"BRAYTON, GISVOLD. & HARLEY",FILLED,False
FUNSD,train,92433599_92433601,(a) Injury,conditions,UNKNOWN,UNKNOWN,True
FUNSD,train,92586242,PREMIUMS ONLY,,UNKNOWN,UNKNOWN,True
FUNSD,train,92586242,# OF BOOTH,,UNKNOWN,UNKNOWN,True
FUNSD,train,92586242,EVENT LOCATION:,address,UNKNOWN,UNKNOWN,True
FUNSD,train,92657311_7313,TO:,city,UNKNOWN,UNKNOWN,True
FUNSD,train,92657311_7313,FROM:,department,UNKNOWN,UNKNOWN,True
FUNSD,train,92657311_7313,SUBJECT:,research_interests,UNKNOWN,UNKNOWN,True
FUNSD,train,92657391,TIME:,,UNKNOWN,UNKNOWN,True
FUNSD,train,92657391,"The following document, including cover page is",,UNKNOWN,UNKNOWN,True
FUNSD,train,92657391,OFFICE:,work_email,UNKNOWN,UNKNOWN,True
FUNSD,train,93213298,Division,,UNKNOWN,UNKNOWN,True
FUNSD,train,93213298,Location,city,UNKNOWN,UNKNOWN,True
FUNSD,train,93213298,Mugs,,UNKNOWN,UNKNOWN,True
FUNSD,train,93329540,MANUFACTURER:,,UNKNOWN,UNKNOWN,True
FUNSD,train,93329540,cc:,,UNKNOWN,UNKNOWN,True
FUNSD,train,93329540,cc:,,UNKNOWN,UNKNOWN,True
FUNSD,train,93351929_93351931,FROM:,department,UNKNOWN,UNKNOWN,True
FUNSD,train,93351929_93351931,TO:,city,UNKNOWN,UNKNOWN,True
FUNSD,train,93351929_93351931,CC:,,UNKNOWN,UNKNOWN,True
FUNSD,train,93380187,FROM:,department,UNKNOWN,UNKNOWN,True
FUNSD,train,93380187,TO:,city,UNKNOWN,UNKNOWN,True
FUNSD,train,93380187,CC:,,UNKNOWN,UNKNOWN,True
FUNSD,train,93455715,MANUFACTURERS:,employer,UNKNOWN,UNKNOWN,True
FUNSD,train,93455715,cc:,,UNKNOWN,UNKNOWN,True
FUNSD,train,93455715,cc:,,UNKNOWN,UNKNOWN,True
FUNSD,test,82092117,TO:,city,UNKNOWN,UNKNOWN,True
FUNSD,test,82092117,NUMBER OF PAGES INCLUDING COVER SHEET:,,UNKNOWN,UNKNOWN,True
FUNSD,test,82092117,Fax:,signature,UNKNOWN,UNKNOWN,True
FUNSD,test,82200067_0069,TO:,city,UNKNOWN,UNKNOWN,True
FUNSD,test,82200067_0069,FROM:,department,UNKNOWN,UNKNOWN,True
FUNSD,test,82200067_0069,SEP 15,graduation_date,UNKNOWN,UNKNOWN,True
FUNSD,test,82250337_0338,TO:,city,UNKNOWN,UNKNOWN,True
FUNSD,test,82250337_0338,FROM:,department,UNKNOWN,UNKNOWN,True
FUNSD,test,82250337_0338,MANUFACTURER:,,UNKNOWN,UNKNOWN,True
FUNSD,test,82251504,cc:,,UNKNOWN,UNKNOWN,True
FUNSD,test,82251504,:,,UNKNOWN,UNKNOWN,True
FUNSD,test,82251504,From:,department,UNKNOWN,UNKNOWN,True
FUNSD,test,82252956_2958,# REP,,UNKNOWN,UNKNOWN,True
FUNSD,test,82252956_2958,TO:,city,UNKNOWN,UNKNOWN,True
FUNSD,test,82252956_2958,FROM:,department,UNKNOWN,UNKNOWN,True
FUNSD,test,82253058_3059,TO:,city,UNKNOWN,UNKNOWN,True
FUNSD,test,82253058_3059,FROM:,department,UNKNOWN,UNKNOWN,True
FUNSD,test,82253058_3059,NOV,,UNKNOWN,UNKNOWN,True
FUNSD,test,82253245_3247,TO:,city,UNKNOWN,UNKNOWN,True
FUNSD,test,82253245_3247,FROM:,department,UNKNOWN,UNKNOWN,True
FUNSD,test,82253245_3247,JUNE 30,graduation_date,UNKNOWN,UNKNOWN,True
FUNSD,test,82253362_3364,TO:,city,UNKNOWN,UNKNOWN,True
FUNSD,test,82253362_3364,FROM:,department,UNKNOWN,UNKNOWN,True
FUNSD,test,82253362_3364,SUBJECT:,research_interests,UNKNOWN,UNKNOWN,True
FUNSD,test,82254765,TO:,city,UNKNOWN,UNKNOWN,True
FUNSD,test,82254765,FROM:,department,UNKNOWN,UNKNOWN,True
FUNSD,test,82254765,NEWPORT K. S.,,UNKNOWN,UNKNOWN,True
FUNSD,test,82491256,COURT:,full_name,"Wanda G. Robinson and Carroll Robinson v Raybestos- Manhattan, et al.",FILLED,False
FUNSD,test,82491256,CASE TYPE:,blood_type,UNKNOWN,UNKNOWN,True
FUNSD,test,82491256,LORILLARD ENTITIES:,,UNKNOWN,UNKNOWN,True
FUNSD,test,82504862,COURT:,full_name,Donald D. Sellers and Robin J. Sellers v. Raybestos Manhattan et al.,FILLED,False
FUNSD,test,82504862,CASE TYPE:,blood_type,UNKNOWN,UNKNOWN,True
FUNSD,test,82504862,LORILLARD ENTITIES,,UNKNOWN,UNKNOWN,True
FUNSD,test,82562350,To:,city,UNKNOWN,UNKNOWN,True
FUNSD,test,82562350,CC:,,UNKNOWN,UNKNOWN,True
FUNSD,test,82562350,Re:,state,UNKNOWN,UNKNOWN,True
FUNSD,test,82573104,To:,city,UNKNOWN,UNKNOWN,True
FUNSD,test,82573104,From:,department,UNKNOWN,UNKNOWN,True
FUNSD,test,82573104,Room:,city,UNKNOWN,UNKNOWN,True
FUNSD,test,82837252,MANUFACTURER:,,UNKNOWN,UNKNOWN,True
FUNSD,test,82837252,cc:,,UNKNOWN,UNKNOWN,True
FUNSD,test,82837252,cc:,,UNKNOWN,UNKNOWN,True
FUNSD,test,83443897,FROM:,department,UNKNOWN,UNKNOWN,True
FUNSD,test,83443897,MESSAGE:,,UNKNOWN,UNKNOWN,True
FUNSD,test,83443897,MESSAGE:,,UNKNOWN,UNKNOWN,True
FUNSD,test,83553333_3334,Sender,email,UNKNOWN,UNKNOWN,True
FUNSD,test,83553333_3334,To,city,UNKNOWN,UNKNOWN,True
FUNSD,test,83553333_3334,To,city,UNKNOWN,UNKNOWN,True
FUNSD,test,83573282,From:,department,UNKNOWN,UNKNOWN,True
FUNSD,test,83573282,Re:,state,UNKNOWN,UNKNOWN,True
FUNSD,test,83573282,Recipient(s):,address,UNKNOWN,UNKNOWN,True
FUNSD,test,83594639,To:,city,UNKNOWN,UNKNOWN,True
FUNSD,test,83594639,From:,department,UNKNOWN,UNKNOWN,True
FUNSD,test,83594639,Pages (Including cover page):,,UNKNOWN,UNKNOWN,True
FUNSD,test,83624198,FROM:,department,UNKNOWN,UNKNOWN,True
FUNSD,test,83624198,MESSAGE:,,UNKNOWN,UNKNOWN,True
FUNSD,test,83624198,PAGES (including Cover Sheet):,,UNKNOWN,UNKNOWN,True
FUNSD,test,83635935,TO:,city,UNKNOWN,UNKNOWN,True
FUNSD,test,83635935,FROM:,department,UNKNOWN,UNKNOWN,True
FUNSD,test,83635935,OUR FAX NUMBER,phone,UNKNOWN,UNKNOWN,True
FUNSD,test,83641919_1921,Number of Stores,,UNKNOWN,UNKNOWN,True
FUNSD,test,83641919_1921,Number of Stores,,UNKNOWN,UNKNOWN,True
FUNSD,test,83641919_1921,Number of Stores,,UNKNOWN,UNKNOWN,True
FUNSD,test,83772145,#:,,UNKNOWN,UNKNOWN,True
FUNSD,test,83772145,TO:,city,UNKNOWN,UNKNOWN,True
FUNSD,test,83772145,FROM:,department,UNKNOWN,UNKNOWN,True
FUNSD,test,83823750,To,city,UNKNOWN,UNKNOWN,True
FUNSD,test,83823750,Number of Pages (this page included),,UNKNOWN,UNKNOWN,True
FUNSD,test,83823750,Sender,email,UNKNOWN,UNKNOWN,True
FUNSD,test,83996357,TO:,city,UNKNOWN,UNKNOWN,True
FUNSD,test,83996357,FROM:,department,UNKNOWN,UNKNOWN,True
FUNSD,test,83996357,CC:,,UNKNOWN,UNKNOWN,True
FUNSD,test,85240939,TITLE:,job_title,UNKNOWN,UNKNOWN,True
FUNSD,test,85240939,CHECK ONE:,,UNKNOWN,UNKNOWN,True
FUNSD,test,85240939,CHECK ONE:,,UNKNOWN,UNKNOWN,True
FUNSD,test,86075409_5410,From:,department,UNKNOWN,UNKNOWN,True
FUNSD,test,86075409_5410,To:,city,UNKNOWN,UNKNOWN,True
FUNSD,test,86075409_5410,CC:,,UNKNOWN,UNKNOWN,True
FUNSD,test,86220490,To:,city,UNKNOWN,UNKNOWN,True
FUNSD,test,86220490,Firm:,employer,UNKNOWN,UNKNOWN,True
FUNSD,test,86220490,FAX,,UNKNOWN,UNKNOWN,True
FUNSD,test,86230203_0206,TO:,city,UNKNOWN,UNKNOWN,True
FUNSD,test,86230203_0206,FROM:,department,UNKNOWN,UNKNOWN,True
FUNSD,test,86230203_0206,SUBJECT:,research_interests,UNKNOWN,UNKNOWN,True
FUNSD,test,86236474_6476,TO:,city,UNKNOWN,UNKNOWN,True
FUNSD,test,86236474_6476,FROM:,department,UNKNOWN,UNKNOWN,True
FUNSD,test,86236474_6476,JUNE7,,UNKNOWN,UNKNOWN,True
FUNSD,test,86244113,BRAND,,UNKNOWN,UNKNOWN,True
FUNSD,test,86244113,BRAND,,UNKNOWN,UNKNOWN,True
FUNSD,test,86244113,BRAND,,UNKNOWN,UNKNOWN,True
FUNSD,test,86263525,COST CENTER NUMBER,,UNKNOWN,UNKNOWN,True
FUNSD,test,86263525,RETENTION & RECOMMENDATION FILE REORGANIZED AND RE- LABELED BY:,,UNKNOWN,UNKNOWN,True
FUNSD,test,86263525,BOXES CREATED FOR HARD COPY PERMANENT RETENTION RECORDS BY:,,UNKNOWN,UNKNOWN,True
FUNSD,test,86328049_8050,Pages (Including Cover),,UNKNOWN,UNKNOWN,True
FUNSD,test,86328049_8050,No,conditions,UNKNOWN,UNKNOWN,True
FUNSD,test,86328049_8050,FAX NO:,,UNKNOWN,UNKNOWN,True
FUNSD,test,87086073,STRUCTURE,,UNKNOWN,UNKNOWN,True
FUNSD,test,87086073,COMMENTS,,UNKNOWN,UNKNOWN,True
FUNSD,test,87086073,ESTIMATED TOXICITY CLASS,city,UNKNOWN,UNKNOWN,True
FUNSD,test,87093315_87093318,on,phone,UNKNOWN,UNKNOWN,True
FUNSD,test,87093315_87093318,BLEND,,UNKNOWN,UNKNOWN,True
FUNSD,test,87093315_87093318,CASTING,,UNKNOWN,UNKNOWN,True
FUNSD,test,87125460,APPROVALS,,UNKNOWN,UNKNOWN,True
FUNSD,test,87125460,STUDY NUMBER,degree,UNKNOWN,UNKNOWN,True
FUNSD,test,87125460,PART OF FINAL REPORT TO BE AMENDED (EXACT LOCATION),,UNKNOWN,UNKNOWN,True
FUNSD,test,87137840,DATES:,graduation_date,UNKNOWN,UNKNOWN,True
FUNSD,test,87137840,CONDITION OF SHIPMENT:,visa_status,UNKNOWN,UNKNOWN,True
FUNSD,test,87137840,TA #:,state,UNKNOWN,UNKNOWN,True
FUNSD,test,87147607,VENDOR,,UNKNOWN,UNKNOWN,True
FUNSD,test,87147607,TERMS,,UNKNOWN,UNKNOWN,True
FUNSD,test,87147607,Prev.,,UNKNOWN,UNKNOWN,True
FUNSD,test,87332450,FAX:,signature,UNKNOWN,UNKNOWN,True
FUNSD,test,87332450,Advance Registration Fee:,,UNKNOWN,UNKNOWN,True
FUNSD,test,87332450,Late Registration Fee,,UNKNOWN,UNKNOWN,True
FUNSD,test,87428306,pH,phone,UNKNOWN,UNKNOWN,True
FUNSD,test,87428306,SOLUBILITY,,UNKNOWN,UNKNOWN,True
FUNSD,test,87428306,ORAL,,UNKNOWN,UNKNOWN,True
FUNSD,test,87528321,Change,,UNKNOWN,UNKNOWN,True
FUNSD,test,87528321,Other,,UNKNOWN,UNKNOWN,True
FUNSD,test,87528321,Routine,primary_care,UNKNOWN,UNKNOWN,True
FUNSD,test,87528380,FOR,first_name,UNKNOWN,UNKNOWN,True
FUNSD,test,87528380,TO,city,New York,FILLED,False
FUNSD,test,87528380,Attn:,,UNKNOWN,UNKNOWN,True
FUNSD,test,87594142_87594144,THRU,,UNKNOWN,UNKNOWN,True
FUNSD,test,87594142_87594144,THRU,,UNKNOWN,UNKNOWN,True
FUNSD,test,87594142_87594144,THRU,,UNKNOWN,UNKNOWN,True
FUNSD,test,89856243,PRODUCT,,UNKNOWN,UNKNOWN,True
FUNSD,test,89856243,Incidence,conditions,UNKNOWN,UNKNOWN,True
FUNSD,test,89856243,# Open,,UNKNOWN,UNKNOWN,True
FUNSD,test,91814768_91814769,submitted to the voters on,,UNKNOWN,UNKNOWN,True
FUNSD,test,91814768_91814769,submitted to the voters on,,UNKNOWN,UNKNOWN,True
FUNSD,test,91814768_91814769,submitted to the voters on,,UNKNOWN,UNKNOWN,True
FUNSD,test,92380595,TO:,city,UNKNOWN,UNKNOWN,True
FUNSD,test,92380595,ATTN:,,UNKNOWN,UNKNOWN,True
FUNSD,test,92380595,RE:,state,UNKNOWN,UNKNOWN,True
FUNSD,test,93106788,TO:,city,UNKNOWN,UNKNOWN,True
FUNSD,test,93106788,ATTN:,,UNKNOWN,UNKNOWN,True
FUNSD,test,93106788,ADVERTISER:,profile_photo,UNKNOWN,UNKNOWN,True
